district_id,school,district_name,school_id,eng_yn,math_yn,read_yn,sci_yn
10,ACADEMY HIGH SCHOOL,MAPLETON 1,309,0.0,0.0,0.0,0.0
10,COLORADO CONNECTIONS ACADEMY,MAPLETON 1,1796,1.0,0.0,1.0,0.0
10,GLOBAL LEADERSHIP ACADEMY,MAPLETON 1,263,0.0,0.0,0.0,0.0
10,MAPLETON EARLY COLLEGE HIGH SCHOOL,MAPLETON 1,212,1.0,0.0,0.0,0.0
10,MAPLETON EXPEDITIONARY SCHOOL OF THE ARTS,MAPLETON 1,187,0.0,0.0,0.0,0.0
10,THE NEW AMERICA SCHOOL,MAPLETON 1,4699,0.0,0.0,0.0,0.0
10,YORK INTERNATIONAL,MAPLETON 1,503,1.0,0.0,0.0,0.0
20,ACADEMY OF CHARTER SCHOOLS,ADAMS 12 FIVE STAR SCHOOLS,15,1.0,0.0,0.0,0.0
20,COLORADO VIRTUAL ACADEMY (COVA),ADAMS 12 FIVE STAR SCHOOLS,1752,1.0,0.0,0.0,0.0
20,HORIZON HIGH SCHOOL,ADAMS 12 FIVE STAR SCHOOLS,4108,1.0,0.0,0.0,0.0
20,LEGACY HIGH SCHOOL,ADAMS 12 FIVE STAR SCHOOLS,5043,1.0,1.0,1.0,0.0
20,MOUNTAIN RANGE HIGH SCHOOL,ADAMS 12 FIVE STAR SCHOOLS,6060,1.0,0.0,0.0,0.0
20,NORTHGLENN HIGH SCHOOL,ADAMS 12 FIVE STAR SCHOOLS,6402,0.0,0.0,0.0,0.0
20,THORNTON HIGH SCHOOL,ADAMS 12 FIVE STAR SCHOOLS,5816,0.0,0.0,0.0,0.0
20,VANTAGE POINT,ADAMS 12 FIVE STAR SCHOOLS,210,0.0,0.0,0.0,0.0
30,ADAMS CITY HIGH SCHOOL,ADAMS COUNTY 14,24,0.0,0.0,0.0,0.0
30,LESTER R ARNOLD HIGH SCHOOL,ADAMS COUNTY 14,22,0.0,0.0,0.0,0.0
40,ADAMS YOUTH SERVICE CENTER,BRIGHTON 27J,9801,,,,
40,BRIGHTON HERITAGE ACADEMY,BRIGHTON 27J,1021,0.0,0.0,0.0,0.0
40,BRIGHTON HIGH SCHOOL,BRIGHTON 27J,1022,0.0,0.0,0.0,0.0
40,EAGLE RIDGE ACADEMY,BRIGHTON 27J,2399,1.0,0.0,1.0,0.0
40,PRAIRIE VIEW HIGH SCHOOL,BRIGHTON 27J,7129,0.0,0.0,0.0,0.0
50,BENNETT HIGH SCHOOL,BENNETT 29J,775,0.0,0.0,0.0,0.0
60,STRASBURG HIGH SCHOOL,STRASBURG 31-J,8334,1.0,0.0,0.0,0.0
70,HIDDEN LAKE HIGH SCHOOL,WESTMINSTER 50,3931,0.0,0.0,0.0,0.0
70,WESTMINSTER HIGH SCHOOL,WESTMINSTER 50,9466,0.0,0.0,0.0,0.0
100,ALAMOSA HIGH SCHOOL,ALAMOSA RE- 11J,118,0.0,0.0,0.0,0.0
100,ALAMOSA OMBUDSMAN SCHOOL OF EXCELLE,ALAMOSA RE- 11J,368,,,,
110,SANGRE DE CRISTO UNDIVIDED HIGH SCH,SANGRE DECRISTO RE-22J,7630,1.0,0.0,0.0,0.0
120,COLORADO'S FINEST ALTERNATIVE HIGH,ENGLEWOOD 1,206,0.0,0.0,0.0,0.0
120,ENGLEWOOD HIGH SCHOOL,ENGLEWOOD 1,2746,0.0,0.0,0.0,0.0
123,SHERIDAN HIGH SCHOOL,SHERIDAN 2,7842,0.0,0.0,0.0,0.0
130,CHEROKEE TRAIL HIGH SCHOOL,CHERRY CREEK 5,1551,1.0,0.0,0.0,0.0
130,CHERRY CREEK HIGH SCHOOL,CHERRY CREEK 5,1570,1.0,1.0,1.0,0.0
130,EAGLECREST HIGH SCHOOL,CHERRY CREEK 5,2357,1.0,0.0,0.0,0.0
130,GRANDVIEW HIGH SCHOOL,CHERRY CREEK 5,3589,1.0,1.0,1.0,0.0
130,OVERLAND HIGH SCHOOL,CHERRY CREEK 5,6625,0.0,0.0,0.0,0.0
130,SMOKY HILL HIGH SCHOOL,CHERRY CREEK 5,8020,1.0,0.0,0.0,0.0
140,ARAPAHOE HIGH SCHOOL,LITTLETON 6,298,1.0,1.0,1.0,0.0
140,HERITAGE HIGH SCHOOL,LITTLETON 6,3930,1.0,1.0,1.0,0.0
140,LITTLETON HIGH SCHOOL,LITTLETON 6,5224,1.0,0.0,1.0,0.0
170,DEER TRAIL JUNIOR-SENIOR HIGH SCHOO,DEER TRAIL 26-J,2140,,,,
180,APS ONLINE SCHOOL,ADAMS-ARAPAHOE 28J,219,0.0,0.0,0.0,0.0
180,AURORA CENTRAL HIGH SCHOOL,ADAMS-ARAPAHOE 28J,1458,0.0,0.0,0.0,0.0
180,GATEWAY HIGH SCHOOL,ADAMS-ARAPAHOE 28J,3354,0.0,0.0,0.0,0.0
180,HINKLEY HIGH SCHOOL,ADAMS-ARAPAHOE 28J,4024,0.0,0.0,0.0,0.0
180,LOTUS SCHOOL FOR EXCELLENCE,ADAMS-ARAPAHOE 28J,5298,0.0,0.0,0.0,0.0
180,NEW AMERICA SCHOOL,ADAMS-ARAPAHOE 28J,6219,0.0,0.0,0.0,0.0
180,RANGEVIEW HIGH SCHOOL,ADAMS-ARAPAHOE 28J,7250,1.0,0.0,0.0,0.0
180,WILLIAM SMITH HIGH SCHOOL,ADAMS-ARAPAHOE 28J,8356,1.0,0.0,0.0,0.0
190,BYERS JUNIOR-SENIOR HIGH SCHOOL,BYERS 32J,1176,1.0,0.0,0.0,0.0
220,PAGOSA SPRINGS HIGH SCHOOL,ARCHULETA COUNTY 50JT,6658,1.0,0.0,0.0,0.0
230,WALSH HIGH SCHOOL,WALSH RE-I,9226,,,,
240,PRITCHETT HIGH SCHOOL,PRITCHETT RE-3,7180,,,,
250,SPRINGFIELD HIGH SCHOOL,SPRINGFIELD RE-4,8168,1.0,0.0,0.0,0.0
260,V.I.L.A.S. ONLINE SCHOOL,VILAS RE-5,9085,,,,
260,VILAS UNDIVIDED HIGH SCHOOL,VILAS RE-5,9100,,,,
270,CAMPO UNDIVIDED HIGH SCHOOL,CAMPO RE-6,1252,,,,
290,LAS ANIMAS HIGH SCHOOL,LAS ANIMAS RE-1,4990,0.0,0.0,0.0,0.0
310,MC CLAVE UNDIVIDED HIGH SCHOOL,MCCLAVE RE-2,5670,0.0,0.0,0.0,0.0
470,ADULT EDUCATION/LINCOLN CENTER,ST VRAIN VALLEY RE-1J,6499,,,,
470,ERIE HIGH SCHOOL,ST VRAIN VALLEY RE-1J,2761,1.0,0.0,0.0,0.0
470,FREDERICK SENIOR HIGH SCHOOL,ST VRAIN VALLEY RE-1J,3196,0.0,0.0,0.0,0.0
470,LONGMONT HIGH SCHOOL,ST VRAIN VALLEY RE-1J,5282,1.0,0.0,0.0,0.0
470,LYONS MIDDLE/SENIOR HIGH SCHOOL,ST VRAIN VALLEY RE-1J,5368,1.0,1.0,1.0,0.0
470,MEAD HIGH SCHOOL,ST VRAIN VALLEY RE-1J,5722,1.0,0.0,0.0,0.0
470,NIWOT HIGH SCHOOL,ST VRAIN VALLEY RE-1J,6276,1.0,1.0,1.0,0.0
470,OLDE COLUMBINE HIGH SCHOOL,ST VRAIN VALLEY RE-1J,6498,0.0,0.0,0.0,0.0
470,SILVER CREEK HIGH SCHOOL,ST VRAIN VALLEY RE-1J,7789,1.0,0.0,0.0,0.0
470,SKYLINE HIGH SCHOOL,ST VRAIN VALLEY RE-1J,7954,1.0,0.0,0.0,0.0
470,ST. VRAIN GLOBAL ONLINE ACADEMY,ST VRAIN VALLEY RE-1J,7839,0.0,0.0,0.0,0.0
480,ARAPAHOE RIDGE HIGH SCHOOL,BOULDER VALLEY RE-2,125,0.0,0.0,0.0,0.0
480,BOULDER HIGH SCHOOL,BOULDER VALLEY RE-2,924,1.0,1.0,1.0,0.0
480,BOULDER PREP CHARTER HIGH SCHOOL,BOULDER VALLEY RE-2,934,0.0,0.0,0.0,0.0
480,BOULDER UNIVERSAL,BOULDER VALLEY RE-2,930,,,,
480,BROOMFIELD HIGH SCHOOL,BOULDER VALLEY RE-2,1070,1.0,1.0,1.0,0.0
480,CENTAURUS HIGH SCHOOL,BOULDER VALLEY RE-2,1380,1.0,0.0,0.0,0.0
480,FAIRVIEW HIGH SCHOOL,BOULDER VALLEY RE-2,2892,1.0,1.0,1.0,1.0
480,HALCYON SCHOOL (SPECIAL EDUCATION),BOULDER VALLEY RE-2,3499,,,,
480,JUSTICE HIGH CHARTER SCHOOL,BOULDER VALLEY RE-2,4496,,,,
480,MONARCH HIGH SCHOOL,BOULDER VALLEY RE-2,5999,1.0,1.0,1.0,0.0
480,NEDERLAND MIDDLE-SENIOR HIGH SCHOOL,BOULDER VALLEY RE-2,6212,1.0,0.0,0.0,0.0
480,NEW VISTA HIGH SCHOOL,BOULDER VALLEY RE-2,6195,1.0,0.0,1.0,0.0
480,PEAK TO PEAK CHARTER SCHOOL,BOULDER VALLEY RE-2,6816,1.0,1.0,1.0,1.0
490,BUENA VISTA HIGH SCHOOL,BUENA VISTA R-31,1130,1.0,0.0,1.0,0.0
490,BUENA VISTA ONLINE ACADEMY,BUENA VISTA R-31,1154,,,,
490,CHAFFEE COUNTY HIGH SCHOOL,BUENA VISTA R-31,1508,,,,
500,HORIZONS EXPLORATORY ACADEMY,SALIDA R-32-J,4085,,,,
500,SALIDA HIGH SCHOOL,SALIDA R-32-J,7568,1.0,0.0,0.0,0.0
510,KIT CARSON JUNIOR-SENIOR HIGH SCHOO,KIT CARSON RE-1,4742,,,,
520,CHEYENNE WELLS HIGH SCHOOL,CHEYENNE COUNTY RE-5,1612,0.0,0.0,0.0,0.0
540,CLEAR CREEK HIGH SCHOOL,CLEAR CREEK RE-1,4216,1.0,0.0,1.0,0.0
550,CENTAURI HIGH SCHOOL,NORTH CONEJOS,1378,1.0,0.0,0.0,0.0
550,LA JARA SECOND CHANCE SCHOOL,NORTH CONEJOS,4837,,,,
560,SANFORD JUNIOR/SENIOR HIGH SCHOOL,SANFORD 6-J,7616,,,,
580,ANTONITO HIGH SCHOOL,SOUTH CONEJOS RE-10,252,,,,
640,CENTENNIAL HIGH SCHOOL,CENTENNIAL R-1,1398,0.0,0.0,0.0,0.0
740,SIERRA GRANDE SENIOR HIGH SCHOOL,SIERRA GRANDE R-30,7880,0.0,0.0,0.0,0.0
770,CROWLEY COUNTY HIGH SCHOOL,CROWLEY COUNTY RE-1J,2058,0.0,0.0,0.0,0.0
860,CUSTER COUNTY HIGH SCHOOL,CUSTER COUNTY C-1,2092,0.0,0.0,0.0,0.0
870,CEDAREDGE HIGH SCHOOL,DELTA COUNTY 50J,1372,1.0,0.0,0.0,0.0
870,DELTA COUNTY OPPORTUNITY SCHOOL,DELTA COUNTY 50J,2155,0.0,0.0,0.0,0.0
870,DELTA COUNTY VIRTUAL ACADEMY,DELTA COUNTY 50J,2293,,,,
870,DELTA HIGH SCHOOL,DELTA COUNTY 50J,2164,0.0,0.0,0.0,0.0
870,DELTA VISION SCHOOL,DELTA COUNTY 50J,2166,0.0,0.0,0.0,0.0
870,HOTCHKISS HIGH SCHOOL,DELTA COUNTY 50J,4128,1.0,0.0,0.0,0.0
870,NORTH FORK VISION SCHOOL,DELTA COUNTY 50J,9146,,,,
870,PAONIA HIGH SCHOOL,DELTA COUNTY 50J,6708,1.0,0.0,1.0,0.0
870,SURFACE CREEK VISION SCHOOL,DELTA COUNTY 50J,8419,0.0,0.0,0.0,0.0
880,ABRAHAM LINCOLN HIGH SCHOOL,DENVER COUNTY 1,10,0.0,0.0,0.0,0.0
880,ACADEMY OF URBAN LEARNING,DENVER COUNTY 1,67,0.0,0.0,0.0,0.0
880,BRUCE RANDOLPH SCHOOL,DENVER COUNTY 1,6350,0.0,0.0,0.0,0.0
880,COLORADO HIGH SCHOOL,DENVER COUNTY 1,1748,0.0,0.0,0.0,0.0
880,CONTEMPORARY LEARNING ACADEMY HIGH,DENVER COUNTY 1,5844,0.0,0.0,0.0,0.0
880,DENVER CENTER FOR 21ST LEARNING AT,DENVER COUNTY 1,2188,0.0,0.0,0.0,0.0
880,DENVER CENTER FOR INTERNATIONAL STU,DENVER COUNTY 1,2183,1.0,0.0,0.0,0.0
880,DENVER SCHOOL OF THE ARTS,DENVER COUNTY 1,2184,1.0,0.0,1.0,0.0
880,DSST: STAPLETON,DENVER COUNTY 1,2185,1.0,1.0,1.0,0.0
880,EAST HIGH SCHOOL,DENVER COUNTY 1,2398,1.0,0.0,1.0,0.0
880,EMILY GRIFFITH TECHNICAL COLLEGE,DENVER COUNTY 1,2726,0.0,0.0,0.0,0.0
880,ESCUELA TLATELOLCO SCHOOL,DENVER COUNTY 1,2789,0.0,0.0,0.0,0.0
880,FLORENCE CRITTENTON HIGH SCHOOL,DENVER COUNTY 1,3000,0.0,0.0,0.0,0.0
880,FRED N THOMAS CAREER EDUCATION CENT,DENVER COUNTY 1,1319,1.0,0.0,0.0,0.0
880,GEORGE WASHINGTON HIGH SCHOOL,DENVER COUNTY 1,3378,1.0,0.0,0.0,0.0
880,JOHN F KENNEDY HIGH SCHOOL,DENVER COUNTY 1,4444,1.0,0.0,0.0,0.0
880,JUSTICE HIGH SCHOOL DENVER,DENVER COUNTY 1,4494,0.0,0.0,0.0,0.0
880,KIPP DENVER COLLEGIATE HIGH SCHOOL,DENVER COUNTY 1,4730,1.0,0.0,0.0,0.0
880,LIFE SKILLS CENTER OF DENVER,DENVER COUNTY 1,5129,0.0,0.0,0.0,0.0
880,MANUAL HIGH SCHOOL,DENVER COUNTY 1,5448,0.0,0.0,0.0,0.0
880,MARTIN LUTHER KING JR. EARLY COLLEG,DENVER COUNTY 1,5605,0.0,0.0,0.0,0.0
880,MONTBELLO HIGH SCHOOL,DENVER COUNTY 1,5995,0.0,0.0,0.0,0.0
880,NORTH HIGH SCHOOL,DENVER COUNTY 1,6314,0.0,0.0,0.0,0.0
880,ONLINE HIGH SCHOOL,DENVER COUNTY 1,6509,1.0,0.0,1.0,0.0
880,PREP ASSESSMENT CENTER,DENVER COUNTY 1,7163,,,,
880,RIDGE VIEW ACADEMY CHARTER SCHOOL,DENVER COUNTY 1,40,0.0,0.0,0.0,0.0
880,SOUTH HIGH SCHOOL,DENVER COUNTY 1,8086,0.0,0.0,0.0,0.0
880,SOUTHWEST EARLY COLLEGE CHARTER SCH,DENVER COUNTY 1,8132,0.0,0.0,0.0,0.0
880,SUMMIT ACADEMY,DENVER COUNTY 1,8145,0.0,0.0,0.0,0.0
880,THOMAS JEFFERSON HIGH SCHOOL,DENVER COUNTY 1,8822,1.0,0.0,0.0,0.0
880,VENTURE PREP,DENVER COUNTY 1,2755,0.0,0.0,0.0,0.0
880,VISTA ACADEMY,DENVER COUNTY 1,8995,0.0,0.0,0.0,0.0
880,WEST HIGH SCHOOL,DENVER COUNTY 1,9408,0.0,0.0,0.0,0.0
890,DOVE CREEK HIGH SCHOOL,DOLORES COUNTY RE-2J,2216,,,,
900,CASTLE VIEW HIGH SCHOOL,DOUGLAS COUNTY RE-1,1367,1.0,0.0,0.0,0.0
900,CHAPARRAL HIGH SCHOOL,DOUGLAS COUNTY RE-1,1503,1.0,0.0,0.0,0.0
900,DANIEL C OAKES HIGH SCHOOLCASTLE ROCK,DOUGLAS COUNTY RE-1,201,0.0,0.0,0.0,0.0
900,DOUGLAS COUNTY HIGH SCHOOL,DOUGLAS COUNTY RE-1,2230,1.0,0.0,1.0,0.0
900,EAGLE ACADEMY,DOUGLAS COUNTY RE-1,2338,0.0,0.0,0.0,0.0
900,EDCSD: COLORADO CYBER SCHOOL,DOUGLAS COUNTY RE-1,5405,,,,
900,HIGHLANDS RANCH HIGH SCHOOL,DOUGLAS COUNTY RE-1,3980,1.0,1.0,1.0,0.0
900,HOPE ON-LINE,DOUGLAS COUNTY RE-1,3995,0.0,0.0,0.0,0.0
900,LEGEND HIGH SCHOOL,DOUGLAS COUNTY RE-1,4271,1.0,0.0,1.0,0.0
900,MOUNTAIN VISTA HIGH SCHOOL,DOUGLAS COUNTY RE-1,6165,1.0,1.0,1.0,0.0
900,PONDEROSA HIGH SCHOOL,DOUGLAS COUNTY RE-1,7118,1.0,0.0,1.0,0.0
900,ROCK CANYON HIGH SCHOOL,DOUGLAS COUNTY RE-1,7435,1.0,1.0,1.0,0.0
900,THUNDERRIDGE HIGH SCHOOL,DOUGLAS COUNTY RE-1,8847,1.0,1.0,1.0,0.0
910,BATTLE MOUNTAIN HIGH SCHOOL,EAGLE COUNTY RE-50J,604,0.0,0.0,0.0,0.0
910,EAGLE VALLEY HIGH SCHOOL,EAGLE COUNTY RE-50J,2350,1.0,0.0,0.0,0.0
910,NEW AMERICA CHARTER SCHOOL,EAGLE COUNTY RE-50J,6238,,,,
910,RED CANYON HIGH SCHOOL,EAGLE COUNTY RE-50J,205,0.0,0.0,0.0,0.0
910,"VAIL SKI AND SNOWBOARD ACADEMY (USSA),",EAGLE COUNTY RE-50J,9061,,,,
910,WORLD ACADEMY,EAGLE COUNTY RE-50J,9701,,,,
920,ELIZABETH HIGH SCHOOL,ELIZABETH C1,2608,1.0,0.0,1.0,0.0
920,FRONTIER HIGH SCHOOL,ELIZABETH C1,3236,0.0,0.0,0.0,0.0
930,KIOWA HIGH SCHOOL,KIOWA C-2,4728,1.0,0.0,0.0,0.0
940,SIMLA HIGH SCHOOL,BIG SANDY 100J,7922,1.0,0.0,0.0,0.0
950,ELBERT JUNIOR-SENIOR HIGH SCHOOL,ELBERT 200,2574,1.0,0.0,0.0,0.0
970,CALHAN HIGH SCHOOL,CALHAN RJ-1,1218,0.0,0.0,0.0,0.0
980,HARRISON HIGH SCHOOL,HARRISON 2,3806,1.0,0.0,0.0,0.0
980,JAMES IRWIN CHARTER HIGH SCHOOL,HARRISON 2,4378,1.0,1.0,1.0,0.0
980,NEW HORIZONS DAY SCHOOL,HARRISON 2,6244,0.0,0.0,0.0,0.0
980,SIERRA HIGH SCHOOL,HARRISON 2,7882,0.0,0.0,0.0,0.0
990,DISCOVERY HIGH SCHOOL,WIDEFIELD 3,9560,0.0,0.0,0.0,0.0
990,MESA RIDGE HIGH SCHOOL,WIDEFIELD 3,5841,0.0,0.0,0.0,0.0
990,WIDEFIELD HIGH SCHOOL,WIDEFIELD 3,9566,0.0,0.0,0.0,0.0
1000,FOUNTAIN-FORT CARSON HIGH SCHOOL,FOUNTAIN 8,3110,1.0,0.0,0.0,0.0
1000,LORRAINE SECONDARY SCHOOL,FOUNTAIN 8,203,0.0,0.0,0.0,0.0
1010,ACHIEVEK12,COLORADO SPRINGS 11,269,,,,
1010,CIVA CHARTER ACADEMY,COLORADO SPRINGS 11,1616,0.0,0.0,0.0,0.0
1010,COMMUNITY PREP CHARTER SCHOOL,COLORADO SPRINGS 11,1885,0.0,0.0,0.0,0.0
1010,CORONADO HIGH SCHOOL,COLORADO SPRINGS 11,1870,1.0,0.0,0.0,0.0
1010,DOHERTY HIGH SCHOOL,COLORADO SPRINGS 11,2202,1.0,0.0,0.0,0.0
1010,LIFE SKILLS CENTER OF COLORADO SPRI,COLORADO SPRINGS 11,5146,0.0,0.0,0.0,0.0
1010,MITCHELL HIGH SCHOOL,COLORADO SPRINGS 11,5948,0.0,0.0,0.0,0.0
1010,NIKOLA TESLA EDUCATION OPPORTUNITY,COLORADO SPRINGS 11,2528,0.0,0.0,0.0,0.0
1010,PALMER HIGH SCHOOL,COLORADO SPRINGS 11,6680,1.0,0.0,0.0,0.0
1010,THE BIJOU SCHOOL,COLORADO SPRINGS 11,871,0.0,0.0,0.0,0.0
1010,WASSON HIGH SCHOOL,COLORADO SPRINGS 11,9298,0.0,0.0,0.0,0.0
1020,CHEYENNE MOUNTAIN HIGH SCHOOL,CHEYENNE MOUNTAIN 12,1590,1.0,1.0,1.0,0.0
1030,MANITOU SPRINGS HIGH SCHOOL,MANITOU SPRINGS 14,5468,1.0,0.0,1.0,0.0
1040,ACADEMY ONLINE HIGH SCHOOL,ACADEMY 20,110,,,,
1040,AIR ACADEMY HIGH SCHOOL,ACADEMY 20,76,1.0,0.0,1.0,0.0
1040,ASPEN VALLEY HIGH SCHOOL,ACADEMY 20,209,1.0,0.0,0.0,0.0
1040,DISCOVERY CANYON CAMPUS SCHOOL,ACADEMY 20,2195,1.0,0.0,1.0,0.0
1040,LIBERTY HIGH SCHOOL,ACADEMY 20,5126,1.0,0.0,1.0,0.0
1040,PINE CREEK HIGH SCHOOL,ACADEMY 20,6937,1.0,0.0,1.0,0.0
1040,RAMPART HIGH SCHOOL,ACADEMY 20,7240,1.0,0.0,1.0,0.0
1040,TCA COLLEGE PATHWAYS,ACADEMY 20,8779,1.0,1.0,1.0,0.0
1040,THE CLASSICAL ACADEMY HIGH SCHOOL,ACADEMY 20,1630,1.0,1.0,1.0,0.0
1050,ELLICOTT SENIOR HIGH SCHOOL,ELLICOTT 22,2642,1.0,0.0,0.0,0.0
1060,PEYTON JUNIOR/SENIOR HIGH SCHOOL,PEYTON 23-JT,6902,1.0,0.0,0.0,0.0
1070,HANOVER JUNIOR-SENIOR HIGH SCHOOL,HANOVER 28,3758,,,,
1080,LEWIS-PALMER HIGH SCHOOL,LEWIS-PALMER 38,5100,1.0,1.0,1.0,0.0
1080,PALMER RIDGE HIGH SCHOOL,LEWIS-PALMER 38,6678,1.0,1.0,1.0,0.0
1110,FALCON HIGH SCHOOL,FALCON 49,2908,1.0,0.0,0.0,0.0
1110,FALCON VIRTUAL ACADEMY,FALCON 49,2877,,,,
1110,PATRIOT LEARNING CENTER,FALCON 49,6810,0.0,0.0,0.0,0.0
1110,SAND CREEK HIGH SCHOOL,FALCON 49,7613,1.0,0.0,0.0,0.0
1110,VISTA RIDGE HIGH SCHOOL,FALCON 49,8791,1.0,0.0,0.0,0.0
1120,EDISON ACADEMY,EDISON 54-JT,2504,,,,
1120,EDISON JUNIOR-SENIOR HIGH SCHOOL,EDISON 54-JT,2526,,,,
1130,MIAMI-YODER SENIOR HIGH SCHOOL,MIAMI-YODER 60JT,5854,0.0,0.0,0.0,0.0
1140,CANON CITY HIGH SCHOOL,CA„ON CITY RE-1,1266,1.0,0.0,0.0,0.0
1140,GARDEN PARK HIGH SCHOOL,CA„ON CITY RE-1,3211,0.0,0.0,0.0,0.0
1150,FLORENCE HIGH SCHOOL,FREMONT RE-2,3002,1.0,0.0,0.0,0.0
1150,FOCUS ACADEMY,FREMONT RE-2,2961,,,,
1160,COTOPAXI JUNIOR-SENIOR HIGH SCHOOL,COTOPAXI RE-3,3228,0.0,0.0,0.0,0.0
1180,BASALT HIGH SCHOOL,ROARING FORK RE-1,570,0.0,0.0,0.0,0.0
1180,BRIDGES,ROARING FORK RE-1,1006,0.0,0.0,0.0,0.0
1180,GLENWOOD SPRINGS HIGH SCHOOL,ROARING FORK RE-1,3468,1.0,0.0,0.0,0.0
1180,ROARING FORK HIGH SCHOOL,ROARING FORK RE-1,7422,0.0,0.0,0.0,0.0
1195,COAL RIDGE HIGH SCHOOL,GARFIELD RE-2,65,1.0,0.0,0.0,0.0
1195,RIFLE HIGH SCHOOL,GARFIELD RE-2,7360,0.0,0.0,0.0,0.0
1220,GRAND VALLEY HIGH SCHOOL,GARFIELD 16,3586,0.0,0.0,0.0,0.0
1330,GILPIN COUNTY UNDIVIDED HIGH SCHOOL,GILPIN COUNTY RE-1,1634,1.0,0.0,0.0,0.0
1340,WEST GRAND HIGH SCHOOL,WEST GRAND 1-JT,9420,1.0,0.0,1.0,0.0
1350,MIDDLE PARK HIGH SCHOOL,EAST GRAND 2,5864,1.0,0.0,0.0,0.0
1360,CRESTED BUTTE COMMUNITY SCHOOL,GUNNISON WATERSHED RE-1J,2006,1.0,0.0,1.0,0.0
1360,GUNNISON HIGH SCHOOL,GUNNISON WATERSHED RE-1J,3694,1.0,0.0,0.0,0.0
1380,LAKE CITY COMMUNITY SCHOOL,HINSDALE COUNTY RE-1,4899,,,,
1390,JOHN MALL HIGH SCHOOL,HUERFANO RE-1,9212,0.0,0.0,0.0,0.0
1400,LA VETA JUNIOR-SENIOR HIGH SCHOOL,LA VETA RE-2,4864,1.0,0.0,0.0,0.0
1410,NORTH PARK JUNIOR-SENIOR HIGH SCHOO,NORTH PARK R-1,6358,,,,
1420,ALAMEDA INTERNATIONAL HIGH SCHOOL,JEFFERSON COUNTY R-1,108,0.0,0.0,0.0,0.0
1420,ARVADA HIGH SCHOOL,JEFFERSON COUNTY R-1,370,0.0,0.0,0.0,0.0
1420,ARVADA WEST HIGH SCHOOL,JEFFERSON COUNTY R-1,378,1.0,0.0,1.0,0.0
1420,BEAR CREEK HIGH SCHOOL,JEFFERSON COUNTY R-1,664,1.0,0.0,0.0,0.0
1420,BRADY EXPLORATION SCHOOL,JEFFERSON COUNTY R-1,965,0.0,0.0,0.0,0.0
1420,CHATFIELD HIGH SCHOOL,JEFFERSON COUNTY R-1,1522,1.0,1.0,1.0,0.0
1420,COLLEGIATE ACADEMY OF COLORADO,JEFFERSON COUNTY R-1,7701,1.0,0.0,0.0,0.0
1420,COLUMBINE HIGH SCHOOL,JEFFERSON COUNTY R-1,1864,1.0,0.0,1.0,0.0
1420,COMPASS MONTESSORI - GOLDEN CHARTER,JEFFERSON COUNTY R-1,1880,1.0,1.0,1.0,0.0
1420,CONIFER SENIOR HIGH SCHOOL,JEFFERSON COUNTY R-1,1886,1.0,0.0,1.0,0.0
1420,DAKOTA RIDGE SENIOR HIGH SCHOOL,JEFFERSON COUNTY R-1,2093,1.0,0.0,1.0,0.0
1420,D'EVELYN JUNIOR/SENIOR HIGH SCHOOL,JEFFERSON COUNTY R-1,2120,1.0,1.0,1.0,1.0
1420,EVERGREEN HIGH SCHOOL,JEFFERSON COUNTY R-1,2836,1.0,1.0,1.0,1.0
1420,GOLDEN HIGH SCHOOL,JEFFERSON COUNTY R-1,3502,1.0,0.0,1.0,0.0
1420,GREEN MOUNTAIN HIGH SCHOOL,JEFFERSON COUNTY R-1,3628,1.0,0.0,0.0,0.0
1420,JEFFCO'S 21ST CENTURY VIRTUAL ACADE,JEFFERSON COUNTY R-1,4408,1.0,0.0,0.0,0.0
1420,JEFFERSON CHARTER ACADEMY SENIOR HI,JEFFERSON COUNTY R-1,4410,1.0,1.0,1.0,0.0
1420,JEFFERSON COUNTY OPEN SECONDARY,JEFFERSON COUNTY R-1,6541,1.0,0.0,0.0,0.0
1420,JEFFERSON HIGH SCHOOL,JEFFERSON COUNTY R-1,4422,0.0,0.0,0.0,0.0
1420,LAKEWOOD HIGH SCHOOL,JEFFERSON COUNTY R-1,4942,1.0,1.0,1.0,0.0
1420,LONGVIEW HIGH SCHOOL,JEFFERSON COUNTY R-1,5623,0.0,0.0,0.0,0.0
1420,MC LAIN HIGH SCHOOL,JEFFERSON COUNTY R-1,33,0.0,0.0,0.0,0.0
1420,NEW AMERICA SCHOOL,JEFFERSON COUNTY R-1,6237,0.0,0.0,0.0,0.0
1420,POMONA HIGH SCHOOL,JEFFERSON COUNTY R-1,7114,1.0,0.0,0.0,0.0
1420,RALSTON VALLEY SENIOR HIGH SCHOOL,JEFFERSON COUNTY R-1,7239,1.0,1.0,1.0,0.0
1420,SOBESKY ACADEMY,JEFFERSON COUNTY R-1,8036,,,,
1420,STANDLEY LAKE HIGH SCHOOL,JEFFERSON COUNTY R-1,8209,1.0,0.0,0.0,0.0
1420,TWO ROADS CHARTER SCHOOL,JEFFERSON COUNTY R-1,8793,1.0,0.0,1.0,0.0
1420,WHEAT RIDGE HIGH SCHOOL,JEFFERSON COUNTY R-1,9510,1.0,0.0,0.0,0.0
1430,EADS HIGH SCHOOL,EADS RE-1,2336,0.0,0.0,0.0,0.0
1440,PLAINVIEW JUNIOR-SENIOR HIGH SCHOOL,PLAINVIEW RE-2,7009,,,,
1450,FLAGLER SENIOR HIGH SCHOOL,ARRIBA-FLAGLER C-20,2960,,,,
1460,HI PLAINS UNDIVIDED HIGH SCHOOL,HI-PLAINS R-23,7746,,,,
1480,STRATTON SENIOR HIGH SCHOOL,STRATTON R-4,8354,,,,
1490,BETHUNE JUNIOR-SENIOR HIGH SCHOOL,BETHUNE R-5,842,,,,
1500,BURLINGTON HIGH SCHOOL,BURLINGTON RE-6J,1152,0.0,0.0,0.0,0.0
1510,LAKE COUNTY HIGH SCHOOL,LAKE COUNTY R-1,4904,0.0,0.0,0.0,0.0
1520,DURANGO HIGH SCHOOL,DURANGO 9-R,2318,1.0,0.0,1.0,0.0
1520,ROBERT DENIER YOUTH SERVICES CENTER,DURANGO 9-R,9806,,,,
1530,BAYFIELD HIGH SCHOOL,BAYFIELD 10JT-R,640,1.0,0.0,0.0,0.0
1540,IGNACIO HIGH SCHOOL,IGNACIO 11-JT,4258,0.0,0.0,0.0,0.0
1550,CENTENNIAL HIGH SCHOOL,POUDRE R-1,3760,0.0,0.0,0.0,0.0
1550,FORT COLLINS HIGH SCHOOL,POUDRE R-1,3046,1.0,0.0,1.0,0.0
1550,FOSSIL RIDGE HIGH SCHOOL,POUDRE R-1,3105,1.0,1.0,1.0,0.0
1550,LIBERTY COMMON CHARTER SCHOOL,POUDRE R-1,5120,1.0,1.0,1.0,1.0
1550,POLARIS EXPEDITIONARY LEARNING SCHO,POUDRE R-1,7104,1.0,0.0,1.0,0.0
1550,POUDRE COMMUNITY ACADEMY,POUDRE R-1,7127,0.0,0.0,0.0,0.0
1550,POUDRE HIGH SCHOOL,POUDRE R-1,7124,1.0,1.0,1.0,0.0
1550,PSD GLOBAL ACADEMY,POUDRE R-1,7198,,,,
1550,RIDGEVIEW CLASSICAL CHARTER SCHOOLS,POUDRE R-1,146,1.0,1.0,1.0,1.0
1550,ROCKY MOUNTAIN HIGH SCHOOL,POUDRE R-1,7470,1.0,0.0,1.0,0.0
1560,BERTHOUD HIGH SCHOOL,THOMPSON R2-J,812,1.0,0.0,0.0,0.0
1560,HAROLD FERGUSON HIGH SCHOOL,THOMPSON R2-J,9260,0.0,0.0,0.0,0.0
1560,LOVELAND HIGH SCHOOL,THOMPSON R2-J,5316,1.0,0.0,1.0,0.0
1560,MOUNTAIN VIEW HIGH SCHOOL,THOMPSON R2-J,6163,1.0,0.0,0.0,0.0
1560,THOMPSON ONLINE,THOMPSON R2-J,8855,,,,
1560,THOMPSON VALLEY HIGH SCHOOL,THOMPSON R2-J,8824,1.0,0.0,1.0,0.0
1570,ESTES PARK HIGH SCHOOL,PARK R-3,2794,1.0,0.0,0.0,0.0
1580,TRINIDAD HIGH SCHOOL,TRINIDAD 1,8906,1.0,0.0,0.0,0.0
1590,PRIMERO JUNIOR-SENIOR HIGH SCHOOL,PRIMERO RE-2,7164,1.0,0.0,0.0,0.0
1600,HOEHNE HIGH SCHOOL,HOEHNE RE-3,4048,1.0,0.0,0.0,0.0
1620,AGUILAR JUNIOR-SENIOR HIGH SCHOOL,AGUILAR RE-6,66,,,,
1750,BRANSON SCHOOL ONLINE,BRANSON RE-82,948,1.0,0.0,0.0,0.0
1750,BRANSON UNDIVIDED HIGH SCHOOL,BRANSON RE-82,978,,,,
1760,KIM UNDIVIDED HIGH SCHOOL,KIM REOGRANIZED 88,4694,,,,
1780,GENOA-HUGO SENIOR HIGH SCHOOL,GENOA HUGO C113,4162,,,,
1790,LIMON JUNIOR-SENIOR HIGH SCHOOL,LIMON RE-4J,5136,1.0,0.0,0.0,0.0
1810,KARVAL JUNIOR-SENIOR HIGH SCHOOL,KARVAL RE-23,4506,,,,
1810,KARVAL ONLINE EDUCATION,KARVAL RE-23,4504,,,,
1828,CALICHE JUNIOR-SENIOR HIGH SCHOOL,VALLEY RE-1,1224,0.0,0.0,0.0,0.0
1828,SMITH HIGH SCHOOL,VALLEY RE-1,202,,,,
1828,STERLING HIGH SCHOOL,VALLEY RE-1,8260,1.0,0.0,0.0,0.0
1850,FLEMING HIGH SCHOOL,FRENCHMAN RE-3,2988,0.0,0.0,0.0,0.0
1860,MERINO JUNIOR SENIOR HIGH SCHOOL,BUFFALO RE-4,5806,1.0,1.0,1.0,0.0
1870,PEETZ JUNIOR-SENIOR HIGH SCHOOL,PLATEAU RE-5,6838,,,,
1980,DE BEQUE UNDIVIDED HIGH SCHOOL,DEBEQUE 49 JT,2126,,,,
1990,GRAND MESA HIGH SCHOOL,PLATEAU VALLEY 50,3582,0.0,0.0,0.0,0.0
1990,PLATEAU VALLEY HIGH SCHOOL,PLATEAU VALLEY 50,7032,1.0,0.0,0.0,0.0
2000,CENTRAL HIGH SCHOOL,MESA COUNTY VALLEY 51,1450,0.0,0.0,0.0,0.0
2000,FRUITA MONUMENT HIGH SCHOOL,MESA COUNTY VALLEY 51,6070,1.0,0.0,0.0,0.0
2000,GATEWAY SCHOOL,MESA COUNTY VALLEY 51,3350,,,,
2000,GRAND JUNCTION HIGH SCHOOL,MESA COUNTY VALLEY 51,3570,1.0,0.0,0.0,0.0
2000,GRAND MESA YOUTH SERVICE CENTER,MESA COUNTY VALLEY 51,9807,,,,
2000,GRANDE RIVER VIRTUAL ACADEMY,MESA COUNTY VALLEY 51,3604,,,,
2000,MESA VALLEY VISION HOME AND COMMUNITY PROGRAM,MESA COUNTY VALLEY 51,5828,1.0,0.0,1.0,0.0
2000,PALISADE HIGH SCHOOL,MESA COUNTY VALLEY 51,6666,1.0,0.0,0.0,0.0
2000,R-5 HIGH SCHOOL,MESA COUNTY VALLEY 51,7236,0.0,0.0,0.0,0.0
2010,CREEDE MIDDLE/HIGH SCHOOL,CREEDE CONSOLIDATED SCHOOL,1966,,,,
2020,MOFFAT COUNTY HIGH SCHOOL,MOFFAT COUNTY RE-1,5962,0.0,0.0,0.0,0.0
2035,MONTEZUMA-CORTEZ HIGH SCHOOL,MONTEZUMA-CORTEZ RE-1,6026,0.0,0.0,0.0,0.0
2035,SOUTHWEST OPEN CHARTER SCHOOL,MONTEZUMA-CORTEZ RE-1,8133,0.0,0.0,0.0,0.0
2055,DOLORES HIGH SCHOOL,DOLORES RE-4A,2208,1.0,0.0,0.0,0.0
2070,MANCOS HIGH SCHOOL,MANCOS RE-6,5452,1.0,0.0,0.0,0.0
2180,MONTROSE HIGH SCHOOL,MONTROSE COUNTY RE-1J,6058,1.0,0.0,0.0,0.0
2180,OLATHE HIGH SCHOOL,MONTROSE COUNTY RE-1J,6494,0.0,0.0,0.0,0.0
2180,PASSAGE CHARTER SCHOOL,MONTROSE COUNTY RE-1J,6807,,,,
2180,VISTA CHARTER SCHOOL,MONTROSE COUNTY RE-1J,9149,0.0,0.0,0.0,0.0
2190,NUCLA HIGH SCHOOL,WEST END RE-2,6436,0.0,0.0,0.0,0.0
2395,BRUSH HIGH SCHOOL,BRUSH RE-2J,1096,1.0,0.0,0.0,0.0
2405,FORT MORGAN HIGH SCHOOL,FORT MORGAN RE-3,3078,0.0,0.0,0.0,0.0
2405,LINCOLN HIGH SCHOOL,FORT MORGAN RE-3,5180,,,,
2505,WELDON VALLEY HIGH SCHOOL,WELDON VALLEY RE-20,9360,,,,
2515,WIGGINS HIGH SCHOOL,WIGGINS RE-50J,9582,0.0,0.0,0.0,0.0
2520,LA JUNTA JR/SR HIGH SCHOOL,EAST OTERO R-1,5015,0.0,0.0,0.0,0.0
2530,ROCKY FORD JUNIOR/SENIOR HIGH SCHOO,ROCKY FORD R-2,7442,0.0,0.0,0.0,0.0
2535,MANZANOLA JUNIOR-SENIOR HIGH SCHOOL,MANZANOLA 3-J,5506,,,,
2540,FOWLER HIGH SCHOOL,FOWLER R-4J,3134,1.0,0.0,0.0,0.0
2560,CHERAW HIGH SCHOOL,CHERAW 31,1546,,,,
2570,SWINK JUNIOR-SENIOR HIGH SCHOOL,SWINK 33,8456,1.0,0.0,1.0,0.0
2580,OURAY SENIOR HIGH SCHOOL,OURAY R-1,6600,,,,
2590,RIDGWAY HIGH SCHOOL,RIDGWAY R-2,7346,1.0,1.0,1.0,0.0
2600,PLATTE CANYON HIGH SCHOOL,PLATTE CANYON 1,7046,1.0,0.0,0.0,0.0
2610,SOUTH PARK HIGH SCHOOL,PARK COUNTY RE-2,8118,1.0,0.0,1.0,0.0
2620,HOLYOKE SENIOR HIGH SCHOOL,HOLYOKE RE-1J,4080,0.0,0.0,0.0,0.0
2630,HAXTUN HIGH SCHOOL,HAXTUN RE-2J,3850,0.0,0.0,0.0,0.0
2640,ASPEN HIGH SCHOOL,ASPEN 1,432,1.0,1.0,1.0,0.0
2650,GRANADA UNDIVIDED HIGH SCHOOL,GRANADA RE-1,3546,0.0,0.0,0.0,0.0
2660,LAMAR HIGH SCHOOL,LAMAR RE-2,4960,0.0,0.0,0.0,0.0
2670,HOLLY HIGH SCHOOL,HOLLY RE-3,4058,1.0,0.0,0.0,0.0
2680,WILEY JUNIOR-SENIOR HIGH SCHOOL,WILEY RE-13JT,9608,1.0,0.0,0.0,0.0
2690,CENTENNIAL HIGH SCHOOL,PUEBLO CITY 60,1402,1.0,0.0,0.0,0.0
2690,CENTRAL HIGH SCHOOL,PUEBLO CITY 60,1454,0.0,0.0,0.0,0.0
2690,DOLORES HUERTA PREPARATORY HIGH SCHOOL,PUEBLO CITY 60,2217,0.0,0.0,0.0,0.0
2690,EAST HIGH SCHOOL,PUEBLO CITY 60,2394,1.0,0.0,0.0,0.0
2690,SOUTH HIGH SCHOOL,PUEBLO CITY 60,8082,1.0,0.0,0.0,0.0
2700,70 ONLINE,PUEBLO COUNTY RURAL 70,5990,,,,
2700,PUEBLO COUNTY HIGH SCHOOL,PUEBLO COUNTY RURAL 70,7208,1.0,0.0,0.0,0.0
2700,PUEBLO WEST HIGH SCHOOL,PUEBLO COUNTY RURAL 70,7214,1.0,0.0,0.0,0.0
2700,RYE HIGH SCHOOL,PUEBLO COUNTY RURAL 70,7534,1.0,0.0,0.0,0.0
2700,SOUTHERN COLORADO EARLY COLLEGE,PUEBLO COUNTY RURAL 70,7879,1.0,0.0,0.0,0.0
2710,MEEKER HIGH SCHOOL,MEEKER RE-1,5762,1.0,0.0,0.0,0.0
2720,RANGELY JUNIOR/SENIOR HIGH SCHOOL,RANGELY RE-4,7276,0.0,0.0,0.0,0.0
2730,DEL NORTE HIGH SCHOOL,DEL NORTE C7,2150,0.0,0.0,0.0,0.0
2740,BYRON SYRING DELTA CENTER,MONTE VISTA C-8,6030,,,,
2740,MONTE VISTA ON-LINE ACADEMY,MONTE VISTA C-8,6520,0.0,0.0,0.0,0.0
2740,MONTE VISTA SENIOR HIGH SCHOOL,MONTE VISTA C-8,6046,0.0,0.0,0.0,0.0
2750,SARGENT SENIOR HIGH SCHOOL,SARGENT RE-33,7664,0.0,0.0,0.0,0.0
2760,HAYDEN HIGH SCHOOL,HAYDEN RE-1,3862,0.0,0.0,0.0,0.0
2770,STEAMBOAT SPRINGS HIGH SCHOOL,STEAMBOAT SPRINGS RE-2,8212,1.0,0.0,1.0,0.0
2770,YAMPA VALLEY SCHOOL,STEAMBOAT SPRINGS RE-2,9757,,,,
2780,SOROCO HIGH SCHOOL,SOUTH ROUTT RE-3,8050,1.0,1.0,1.0,0.0
2790,MOUNTAIN VALLEY SENIOR HIGH SCHOOL,MOUNTAIN VALLEY RE-1,6146,,,,
2800,CRESTONE CHARTER SCHOOL,MOFFAT 2,2018,,,,
2800,MOFFAT SENIOR HIGH SCHOOL,MOFFAT 2,5958,,,,
2810,CENTER HIGH SCHOOL,CENTER 26-JT,1420,0.0,0.0,0.0,0.0
2810,THE ACADEMIC RECOVERY CENTER OF SAN LUIS VALLEY,CENTER 26-JT,51,,,,
2820,SILVERTON HIGH SCHOOL,SILVERTON 1,7904,,,,
2830,TELLURIDE HIGH SCHOOL,TELLURIDE R-1,8794,1.0,0.0,1.0,0.0
2840,NORWOOD HIGH SCHOOL,NORWOOD R-2J,6422,1.0,0.0,0.0,0.0
2862,INSIGHT SCHOOL OF COLORADO AT JULES,JULESBURG RE-1,4369,0.0,0.0,0.0,0.0
2862,JULESBURG HIGH SCHOOL,JULESBURG RE-1,4492,0.0,0.0,0.0,0.0
2865,REVERE JUNIOR-SENIOR HIGH SCHOOL,PLATTE VALLEY RE-3,7322,,,,
3000,SNOWY PEAKS HIGH SCHOOL,SUMMIT RE-1,8375,0.0,0.0,0.0,0.0
3000,SUMMIT HIGH SCHOOL,SUMMIT RE-1,8378,1.0,0.0,0.0,0.0
3010,CRIPPLE CREEK-VICTOR JUNIOR-SENIOR,CRIPPLE CREEK-VICTOR RE-1,2024,1.0,0.0,0.0,0.0
3020,WOODLAND PARK HIGH SCHOOL,WOODLAND PARK RE-2,9696,1.0,0.0,0.0,0.0
3030,AKRON HIGH SCHOOL,AKRON R-1,90,1.0,0.0,0.0,0.0
3040,ARICKAREE UNDIVIDED HIGH SCHOOL,ARICKAREE R-2,308,,,,
3050,OTIS JUNIOR-SENIOR HIGH SCHOOL,OTIS R-3,6586,,,,
3060,LONE STAR UNDIVIDED HIGH SCHOOL,LONE STAR 101,5258,,,,
3070,WOODLIN UNDIVIDED HIGH SCHOOL,WOODLIN R-104,9704,,,,
3080,VALLEY HIGH SCHOOL,WELD COUNTY RE-1,9032,0.0,0.0,0.0,0.0
3085,EATON HIGH SCHOOL,EATON RE-2,2456,1.0,0.0,0.0,0.0
3090,WELD CENTRAL SENIOR HIGH SCHOOL,WELD COUNTY RE-3(J) (KEENSBURG),1446,0.0,0.0,0.0,0.0
3100,WINDSOR HIGH SCHOOL,WELD COUNTY 4 (WINDSOR),9672,1.0,0.0,0.0,0.0
3110,ROOSEVELT HIGH SCHOOL,WELD COUNTY RE-5J (JOHNSTOWN-MILLIKEN),7490,0.0,0.0,0.0,0.0
3120,FRONTIER CHARTER ACADEMY,WELD COUNTY 6 (GREELEY),1875,1.0,0.0,0.0,0.0
3120,GREELEY CENTRAL HIGH SCHOOL,WELD COUNTY 6 (GREELEY),3610,0.0,0.0,0.0,0.0
3120,GREELEY WEST HIGH SCHOOL,WELD COUNTY 6 (GREELEY),3614,0.0,0.0,0.0,0.0
3120,JEFFERSON HIGH SCHOOL,WELD COUNTY 6 (GREELEY),4425,0.0,0.0,0.0,0.0
3120,NORTHRIDGE HIGH SCHOOL,WELD COUNTY 6 (GREELEY),6364,0.0,0.0,0.0,0.0
3120,UNION COLONY PREPARATORY SCHOOL,WELD COUNTY 6 (GREELEY),8965,1.0,0.0,1.0,0.0
3120,UNIVERSITY SCHOOLS,WELD COUNTY 6 (GREELEY),2850,1.0,0.0,0.0,0.0
3130,PLATTE VALLEY HIGH SCHOOL,PLATTE VALLEY RE-7,4670,0.0,0.0,0.0,0.0
3140,FORT LUPTON HIGH SCHOOL,WELD RE-8 (FT. LUPTON),3070,0.0,0.0,0.0,0.0
3145,HIGHLAND HIGH SCHOOL,WELD COUNTY RE-9 (AULT-HIGHLAND),3962,0.0,0.0,0.0,0.0
3146,BRIGGSDALE UNDIVIDED HIGH SCHOOL,WELD COUNTY RE 10J (BRIGGSDALE),1012,,,,
3147,PRAIRIE JUNIOR-SENIOR HIGH SCHOOL,PRAIRIE RE-11,7156,,,,
3148,PAWNEE JUNIOR-SENIOR HIGH SCHOOL,PAWNEE RE-12,6812,,,,
3200,YUMA HIGH SCHOOL,YUMA 1,9799,0.0,0.0,0.0,0.0
3210,WRAY HIGH SCHOOL,WRAY RD-2,9733,1.0,0.0,0.0,0.0
3220,IDALIA JUNIOR-SENIOR HIGH SCHOOL,IDALIA RJ-3,4231,,,,
3230,LIBERTY JUNIOR-SENIOR HIGH SCHOOL,LIBERTY J-4,5123,,,,
8001,ANIMAS HIGH SCHOOL,CHARTER SCHOOL INSTITUTE,75,1.0,0.0,1.0,0.0
8001,CAPROCK ACADEMY,CHARTER SCHOOL INSTITUTE,1279,,,,
8001,COLORADO PROVOST ACADEMY,CHARTER SCHOOL INSTITUTE,1877,0.0,0.0,0.0,0.0
8001,COLORADO SPRINGS EARLY COLLEGES,CHARTER SCHOOL INSTITUTE,1795,1.0,0.0,0.0,0.0
8001,EARLY COLLEGE OF ARVADA,CHARTER SCHOOL INSTITUTE,2837,1.0,0.0,1.0,0.0
8001,GOAL ACADEMY,CHARTER SCHOOL INSTITUTE,3475,0.0,0.0,0.0,0.0
8001,GOAL GED PREP,CHARTER SCHOOL INSTITUTE,3387,,,,
8001,PIKES PEAK PREP,CHARTER SCHOOL INSTITUTE,8929,,,,
8001,THE PINNACLE CHARTER SCHOOL HIGH,CHARTER SCHOOL INSTITUTE,6914,1.0,0.0,0.0,0.0
8001,THE VANGUARD SCHOOL (HIGH),CHARTER SCHOOL INSTITUTE,9057,1.0,1.0,1.0,1.0
8001,THOMAS MACLAREN STATE CHARTER SCHOOl,CHARTER SCHOOL INSTITUTE,8825,,,,
8001,YOUTH & FAMILY ACADEMY CHARTER,CHARTER SCHOOL INSTITUTE,9785,0.0,0.0,0.0,0.0
9000,COLORAD SCHOOL FOR DEAF AND BLIND,COLORADO SCHOOL FOR THE DEAF AND BLIND,9999,0.0,0.0,0.0,0.0
9030,YAMPAH MOUNTAIN SCHOOL,MOUNTAIN BOCES,6134,0.0,0.0,0.0,0.0
9030,YAMPAH TEEN PARENT PROGRAM,MOUNTAIN BOCES,9797,,,,
9050,SOUTHWEST COLORADO E-SCHOOL,SAN JUAN BOCES,8121,,,,
9130,ROCKY MTN SCHOOL OF EXPEDITIONARY L,EXPEDITIONARY BOCES,2840,1.0,0.0,0.0,0.0
